{
    "description": "",
    "packOptions": {
        "ignore": [],
        "include": []
    },
    "setting": {
        "urlCheck": false,
        "es6": true,
        "postcss": true,
        "minified": false,
        "newFeature": true,
        "nodeModules": true,
        "babelSetting": {
            "ignore": [],
            "disablePlugins": [],
            "outputPath": ""
        }
    },
    "compileType": "miniprogram",
    "libVersion": "2.26.0",
    "appid": "wx35ee1e69863067f5",
    "projectname": "丝路服饰",
    "condition": {},
    "editorSetting": {
        "tabIndent": "insertSpaces",
        "tabSize": 4
    }
}